time_pl,carrier_density
539.23202,2.24432E13
2066.6082,4.48865E13
4335.96758,8.97729E13
7237.46091,1.79546E14
17759.41492,3.59092E14
