time_pl,carrier_density
1940.69897,2.24432E+13
4390.04858,4.48865E+13
8917.34935,8.97729E+13
18017.55441,1.79546E+14
40659.64003,3.59092E+14
